SSS,令,3
SSS,史尔特尔,3
SSS,玛恩纳,3
SS,伊内丝,2
SS,提丰,2
SS,提丰,3
SS,假日威龙陈,3
SS,焰影苇草,2
SS,焰影苇草,3
SS,艾雅法拉,2
SS,艾雅法拉,3
SS,缄默德克萨斯,2
SS,缄默德克萨斯,3
S,桃金娘,1
S,能天使,3
S,鸿雪,3
S,澄闪,2
S,澄闪,3
S,银灰,3
S,煌,2
S,塞雷娅,1
S,纯烬艾雅法拉,1
S,纯烬艾雅法拉,3
S,浊心斯卡蒂,2
A,夜莺,2
A,凯尔希,2
A,凯尔希,3
A,伊芙利特,2
A,棘刺,3
A,百炼嘉维尔,2
A,泥岩,2
A,塞雷娅,2
A,塞雷娅,3
A,铃兰,3
A,号角,1
A,号角,2
B,风笛,2
B,琴柳,1
B,极境,1
B,伊内丝,1
B,晓歌,1
B,晓歌,2
B,菲亚梅塔,3
B,莫斯提马,3
B,刻俄柏,2
B,林,3
B,华法琳,2
B,流明,3
B,蜜莓,1
B,耀骑士临光,2
B,耀骑士临光,3
B,近卫斯卡蒂,3
B,赫德雷,3
B,拉普兰德,2
B,重岳,3
B,仇白,2
B,仇白,3
B,斥罪,3
B,星熊,2
B,年,2
B,涤火杰西卡,2
B,涤火杰西卡,3
B,塑心,1
B,塑心,3
B,巫恋,2
B,铃兰,2
B,水月,1
B,歌雷蒂娅,1
B,歌雷蒂娅,2
B,归溟幽灵鲨,2
B,归溟幽灵鲨,3
B,琳琅诗怀雅,2